dataset,series,median_train_len,median_test_len,total_test_points,median_anomaly_ratio,min_anomaly_ratio,max_anomaly_ratio
AIOPS,29,131795,131795,3073556,0.012687,0.000349,0.081880
NAB,10,7927,7928,79318,0.065807,0.040086,0.133737
TODS,15,5000,5000,75000,0.053600,0.040800,0.102000
UCR,203,6000,22826,7782539,0.006429,0.000000,0.056637
WSD,210,18235,18236,3829537,0.003098,0.000000,0.241116
Yahoo,367,840,840,286559,0.004219,0.000000,0.318820
