dataset,valid_series,best_pattern_share,best_median_share,best_spectral_share,best_guard_share,final_beats_guard_share,mean_final_gain_vs_guard
AIOPS,29,0.2413793103448276,0.5172413793103449,0.1724137931034483,0.06896551724137931,0.6206896551724138,0.004561396551724131
NAB,10,0.8,0.0,0.1,0.1,0.4,0.008099649999999991
TODS,15,0.2,0.6666666666666666,0.0,0.13333333333333333,0.6,-0.0018771333333333473
UCR,201,0.43283582089552236,0.13930348258706468,0.39303482587064675,0.03482587064676617,0.3383084577114428,-0.007874579601990051
WSD,161,0.7080745341614907,0.21739130434782608,0.024844720496894408,0.049689440993788817,0.4409937888198758,0.006106549689440986
Yahoo,352,0.5198863636363636,0.35511363636363635,0.056818181818181816,0.06818181818181818,0.20454545454545456,0.012043157670454541
